changeset	label
66282770	True
45575075	True
53053690	True
26894116	True
25445701	False
24945451	False
28075756	True
63077866	True
52357523	False
44733212	False
56346301	True
57652917	True
32586122	False
38025732	False
66522179	True
59026400	False
53101846	True
73008776	False
54425893	True
41371274	True
60128676	True
59654024	False
74770907	False
54511384	True
22253435	False
45937299	True
56106706	True
42436654	True
45490766	True
51029766	False
64268009	True
44497155	True
73258044	False
30664954	True
54374138	True
22294041	False
34657625	False
65028008	True
57629554	False
41539987	False
51893931	False
43239174	True
59227852	True
44145101	False
35493795	False
42483432	True
63276912	False
19947683	True
54574357	False
75160933	False
31320139	False
77173920	True
29464169	True
55231248	False
66590666	True
55762524	True
68025905	True
61804407	False
30438353	False
33910731	False
70295694	False
25038085	True
70128799	False
45459159	True
32799490	False
61197700	False
57468709	False
68288606	False
21482400	False
63829518	False
52356712	False
47744559	False
50531973	True
51105509	True
47484353	True
19740924	True
45445876	True
56465370	True
27934591	True
61864976	False
71693131	False
31051517	False
51369847	False
47027757	False
60972183	False
61036752	True
24010736	False
43261292	False
26283074	True
38852440	False
37411877	True
55786509	True
66410481	False
61838308	True
47197763	False
57501987	False
46551545	True
46897952	False
41964526	False
32510431	True
