changeset	account_created
19947683	2006-08-16T00:25:21Z
38852440	2006-09-18T12:42:39Z
24010736	2008-07-22T14:40:24Z
24945451	2008-08-08T12:34:21Z
57652917	2009-04-27T00:32:47Z
37411877	2009-11-28T09:35:59Z
73258044	2010-04-25T03:35:36Z
41539987	2010-07-10T07:40:05Z
38025732	2010-07-31T18:06:44Z
44145101	2010-08-28T23:54:10Z
32586122	2011-04-13T17:18:23Z
61804407	2011-07-03T10:37:00Z
44733212	2011-07-21T10:18:28Z
55231248	2011-07-29T09:16:10Z
47027757	2012-03-08T03:04:11Z
61197700	2012-04-23T09:56:47Z
19740924	2012-05-24T12:27:56Z
61838308	2012-09-21T03:18:57Z
21482400	2013-05-11T22:49:13Z
25445701	2013-10-29T20:22:14Z
22294041	2013-11-20T09:51:12Z
25038085	2013-12-04T15:09:39Z
31320139	2014-02-26T03:06:38Z
22253435	2014-05-08T18:29:43Z
74770907	2014-06-07T12:24:09Z
51029766	2014-07-23T22:40:22Z
26283074	2014-07-25T08:44:07Z
47484353	2014-07-25T08:44:07Z
53053690	2014-07-25T08:44:07Z
57468709	2014-10-07T19:27:52Z
26894116	2014-11-18T17:43:11Z
27934591	2014-12-27T15:15:42Z
28075756	2015-01-11T22:53:25Z
50531973	2015-01-13T03:19:28Z
54574357	2015-01-17T14:45:39Z
29464169	2015-01-24T07:08:47Z
57629554	2015-01-25T15:00:50Z
43261292	2015-01-26T03:34:06Z
34657625	2015-02-07T18:44:14Z
30664954	2015-03-23T17:07:52Z
41964526	2015-03-25T16:04:54Z
30438353	2015-04-23T00:17:47Z
31051517	2015-05-08T16:03:56Z
32510431	2015-05-08T16:58:50Z
46897952	2015-05-09T13:56:10Z
63829518	2015-06-19T22:29:09Z
32799490	2015-07-06T18:22:23Z
52356712	2015-07-09T15:07:17Z
33910731	2015-09-07T05:20:12Z
35493795	2015-09-12T18:18:06Z
57501987	2015-10-26T01:06:48Z
73008776	2016-01-22T02:36:01Z
66410481	2016-04-09T08:42:27Z
47197763	2016-04-10T09:07:01Z
42436654	2016-07-27T10:47:49Z
41371274	2016-08-10T15:20:06Z
42483432	2016-09-03T23:29:51Z
45937299	2016-09-07T10:57:10Z
43239174	2016-10-28T07:13:22Z
44497155	2016-12-05T16:17:05Z
45490766	2017-01-16T00:54:31Z
59227852	2017-01-24T15:40:15Z
45445876	2017-01-24T18:54:00Z
45459159	2017-01-25T02:47:25Z
45575075	2017-01-26T10:09:05Z
46551545	2017-03-03T15:36:42Z
52357523	2017-04-13T08:51:58Z
47744559	2017-04-13T13:48:15Z
60972183	2017-04-15T16:44:20Z
53101846	2017-04-25T22:39:30Z
54374138	2017-07-13T03:05:16Z
54511384	2017-07-13T03:05:16Z
56106706	
51369847	2017-07-24T12:35:34Z
51105509	2017-07-30T10:01:27Z
70295694	2017-08-07T20:35:21Z
59026400	2017-08-19T21:22:04Z
51893931	2017-08-21T09:06:30Z
61036752	
59654024	2017-09-18T20:37:17Z
61864976	2017-10-20T21:15:36Z
54425893	2017-12-01T07:19:51Z
68025905	2017-12-03T03:26:03Z
55762524	2017-12-08T16:40:13Z
56346301	2018-01-09T08:45:46Z
55786509	2018-01-25T20:37:52Z
56465370	2018-02-18T14:40:54Z
65028008	2018-05-10T00:13:44Z
60128676	2018-06-15T18:53:29Z
71693131	2018-06-21T04:05:45Z
63276912	2018-07-01T12:31:47Z
64268009	2018-07-27T06:11:16Z
68288606	2018-08-06T07:44:44Z
63077866	2018-09-24T22:40:20Z
66282770	2019-01-13T19:42:35Z
66522179	2019-01-17T21:01:19Z
66590666	2019-01-17T21:01:19Z
70128799	2019-04-22T15:42:26Z
75160933	2019-07-03T15:46:42Z
77173920	2019-11-09T10:40:13Z
